lesson_name,image,url
世界と日本の国土,https://media.eboard.jp/media/content_images/esocial_sekaitonihonnokokudo_20201202.png,https://www.eboard.jp/content/495/
日本の地形と気候,https://media.eboard.jp/media/content_images/esocial_nihonnochikeitokiko_20201202png.png,https://www.eboard.jp/content/507/
様々な土地のくらし,https://media.eboard.jp/media/content_images/esocial_samazamanatochinokurashi_20201202.png,https://www.eboard.jp/content/504/
日本の食料生産①,https://media.eboard.jp/media/content_images/esocial_shokuryoseisan_20201202.png,https://www.eboard.jp/content/505/
日本の食料生産②,https://media.eboard.jp/media/content_images/esocial_shokuryoseisan2_20201202.png,https://www.eboard.jp/content/506/
日本の工業生産と交通,https://media.eboard.jp/media/content_images/esocial_kogyotokotsu_20201202.png,https://www.eboard.jp/content/508/
情報社会とくらし,https://media.eboard.jp/media/content_images/esocial_jyohoshakai_20201202.png,https://www.eboard.jp/content/511/
日本の自然と環境,https://media.eboard.jp/media/content_images/esocial_shizentokankyo_20201202.png,https://www.eboard.jp/content/513/
日本国憲法,https://media.eboard.jp/media/content_images/esocial_nihonkokukenpo_20201202.png,https://www.eboard.jp/content/532/
政治と生活,https://media.eboard.jp/media/content_images/esocial_seijitoseikatsu_20201202.png,https://www.eboard.jp/content/533/
大昔の日本,https://media.eboard.jp/media/content_images/esocial_kodainihon_20201202.png,https://www.eboard.jp/content/521/
飛鳥～平安時代,https://media.eboard.jp/media/content_images/esocial_asukaheiian_20201202.png,https://www.eboard.jp/content/514/
鎌倉・室町時代,https://media.eboard.jp/media/content_images/esocial_kamakuramuromachi_20201202.png,https://www.eboard.jp/content/517/
戦国時代,https://media.eboard.jp/media/content_images/esocial_sengokujidai_20201202.png,https://www.eboard.jp/content/518/
江戸時代,https://media.eboard.jp/media/content_images/esocial_edojidai_20201202.png,https://www.eboard.jp/content/523/
幕末と明治維新,https://media.eboard.jp/media/content_images/esocial_bakumatsutomeijiishin_20201202.png,https://www.eboard.jp/content/524/
明治・大正時代,https://media.eboard.jp/media/content_images/esocial_meijitaisho_20201202.png,https://www.eboard.jp/content/527/
世界大戦～現代,https://media.eboard.jp/media/content_images/esocial_ww2_20201202.png,https://www.eboard.jp/content/530/
国際社会と日本,https://media.eboard.jp/media/content_images/esocial_kokusaishakaitonihon_20201202.png,https://www.eboard.jp/content/531/
