lesson_name,image,url
10までのかず,https://media.eboard.jp/media/content_images/emath_10made_20180726.png,https://www.eboard.jp/content/158/
たしざん,https://media.eboard.jp/media/content_images/emath_tashizan_20180726.png,https://www.eboard.jp/content/159/
ひきざん,https://media.eboard.jp/media/content_images/emath_hikizan_20180726.png,https://www.eboard.jp/content/160/
20までのかず,https://media.eboard.jp/media/content_images/emath_20made_20180726.png,https://www.eboard.jp/content/161/
10よりおおきいたしざん、ひきざん,https://media.eboard.jp/media/content_images/emath_10yoriookii_20180726.png,https://www.eboard.jp/content/162/
100までのかず,https://media.eboard.jp/media/content_images/emath_100made_20180726.png,https://www.eboard.jp/content/163/
100までのたしざん、ひきざん,https://media.eboard.jp/media/content_images/emath_100madetashizan_20210331.png,https://www.eboard.jp/content/544/
とけいをよむ,https://media.eboard.jp/media/content_images/emath_tokei_20180802.png,https://www.eboard.jp/content/534/
たしざん、ひきざんのぶんしょうだい,https://media.eboard.jp/media/content_images/emath_tashizanhikizan1nen_20180726.png,https://www.eboard.jp/content/164/
グラフとひょう,https://media.eboard.jp/media/content_images/emath_graphtohyo_20210331.png,https://www.eboard.jp/content/535/
時間と生活,https://media.eboard.jp/media/content_images/emath_tokei_20180802.png,https://www.eboard.jp/content/165/
２けた+１けたのたしざん,https://media.eboard.jp/media/content_images/emath_2keta1keta_20180726.png,https://www.eboard.jp/content/166/
２けた－１けたのひきざん,https://media.eboard.jp/media/content_images/emath_2keta-1keta_20180726.png,https://www.eboard.jp/content/167/
２けたのひっさん,https://media.eboard.jp/media/content_images/emath_2ketanohissan_20180726.png,https://www.eboard.jp/content/169/
ながさをはかる,https://media.eboard.jp/media/content_images/emath_nagasa_20180726.png,https://www.eboard.jp/content/168/
100より大きい数（３けたの数）,https://media.eboard.jp/media/content_images/emath_3keta_20180726.png,https://www.eboard.jp/content/170/
かさをあらわす,https://media.eboard.jp/media/content_images/emath_kasawohakaru_20180818.png,https://www.eboard.jp/content/171/
２けたのたし算,https://media.eboard.jp/media/content_images/emath_2ketanotashizan_20180726.png,https://www.eboard.jp/content/172/
３けた－２けたのひき算,https://media.eboard.jp/media/content_images/emath_3keta-2keta_20180726.png,https://www.eboard.jp/content/173/
計算のくふう,https://media.eboard.jp/media/content_images/emath_keisankuhu_20210331.png,https://www.eboard.jp/content/536/
三角形と四角形,https://media.eboard.jp/media/content_images/emath_sankakukeitoshikakukei_20180802.png,https://www.eboard.jp/content/175/
かけ算と九九,https://media.eboard.jp/media/content_images/emath_kakezan_20180726.png,https://www.eboard.jp/content/174/
九九のきまり,https://media.eboard.jp/media/content_images/emath_kukunokimari_20210331.png,https://www.eboard.jp/content/537/
メートルであらわす,https://media.eboard.jp/media/content_images/emath_meterdearawasu_20210401.png,https://www.eboard.jp/content/545/
1000より大きい数,https://media.eboard.jp/media/content_images/emath_10000_20180726.png,https://www.eboard.jp/content/177/
分数（２年生）,https://media.eboard.jp/media/content_images/emath_bunsu_20210331.png,https://www.eboard.jp/content/538/
はこの形,https://media.eboard.jp/media/content_images/emath_hakonokatachi_20210331.png,https://www.eboard.jp/content/539/
文しょうだい（２年生）,https://media.eboard.jp/media/content_images/emath_bunshodai_20180802.png,https://www.eboard.jp/content/179/
かけ算のおさらい,https://media.eboard.jp/media/content_images/emath_kukunokimari_20210331.png,https://www.eboard.jp/content/540/
わり算,https://media.eboard.jp/media/content_images/emath_warizan_20180726.png,https://www.eboard.jp/content/180/
九九にないわり算,https://media.eboard.jp/media/content_images/emath_kukuninaiwarizan_20210301.png,https://www.eboard.jp/content/546/
３けたのたし算、ひき算（筆算）,https://media.eboard.jp/media/content_images/emath_3ketahissan_20180726.png,https://www.eboard.jp/content/182/
大きな数と計算,https://media.eboard.jp/media/content_images/emath_okinakazu_20180802.png,https://www.eboard.jp/content/183/
暗算で計算しよう,https://media.eboard.jp/media/content_images/emath_anzan_20210301.png,https://www.eboard.jp/content/547/
時間と時こく,https://media.eboard.jp/media/content_images/emath_tokei_20180802.png,https://www.eboard.jp/content/184/
長さをあらわす：km（キロメートル）,https://media.eboard.jp/media/content_images/emath_kyori_20180726.png,https://www.eboard.jp/content/185/
あまりのあるわり算,https://media.eboard.jp/media/content_images/emath_amari_20180802.png,https://www.eboard.jp/content/187/
かけ算の筆算（×１けた）,https://media.eboard.jp/media/content_images/emath_kakezanhissan1_20180802.png,https://www.eboard.jp/content/212/
三角形,https://media.eboard.jp/media/content_images/jmath_sankakukei_20180726.png,https://www.eboard.jp/content/186/
円と球（きゅう）,https://media.eboard.jp/media/content_images/emath_en_20180817.png,https://www.eboard.jp/content/181/
重さをあらわす,https://media.eboard.jp/media/content_images/emath_fundou_20180726.png,https://www.eboard.jp/content/213/
分数（３年生）,https://media.eboard.jp/media/content_images/emath_bunsu_20180726.png,https://www.eboard.jp/content/214/
小数（３年生）,https://media.eboard.jp/media/content_images/emath_shosu_20180802.png,https://www.eboard.jp/content/216/
表とぼうグラフ,https://media.eboard.jp/media/content_images/emath_barchart_20180802.png,https://www.eboard.jp/content/215/
×２けたの筆算,https://media.eboard.jp/media/content_images/emath_kakezanhissan2_20180802.png,https://www.eboard.jp/content/217/
□が入った式,https://media.eboard.jp/media/content_images/emath_shikakukeisan_20180726.png,https://www.eboard.jp/content/218/
文章題（３年生）,https://media.eboard.jp/media/content_images/emath_bunshodai_20180802.png,https://www.eboard.jp/content/219/
角,https://media.eboard.jp/media/content_images/emath_kaku_20180802.png,https://www.eboard.jp/content/220/
わり算の筆算,https://media.eboard.jp/media/content_images/emath_warizanhissan_20180726.png,https://www.eboard.jp/content/221/
大きな数（億、兆）とかけ算,https://media.eboard.jp/media/content_images/emath_ookinakazutokakezan_20180726.png,https://www.eboard.jp/content/222/
折れ線グラフ,https://media.eboard.jp/media/content_images/emath_linechart_20180802.png,https://www.eboard.jp/content/224/
小数（４年生）,https://media.eboard.jp/media/content_images/emath_shosu4nen_20180727.png,https://www.eboard.jp/content/225/
計算のきまり,https://media.eboard.jp/media/content_images/emath_keisanokimari_20180726.png,https://www.eboard.jp/content/223/
２けたでわる わり算の筆算,https://media.eboard.jp/media/content_images/emath_2ketanowarizan_02180726.png,https://www.eboard.jp/content/257/
面積,https://media.eboard.jp/media/content_images/emath_menseki_20180726.png,https://www.eboard.jp/content/226/
がい数（およその数）,https://media.eboard.jp/media/content_images/emath_shishagonyu_20180726.png,https://www.eboard.jp/content/258/
倍の見方と割合,https://media.eboard.jp/media/content_images/emath_bainomikata_20210301.png,https://www.eboard.jp/content/541/
直線と四角形,https://media.eboard.jp/media/content_images/emath_chokusen_20180727.png,https://www.eboard.jp/content/259/
小数×整数,https://media.eboard.jp/media/content_images/emath_shosukakeruseisu_20180817.png,https://www.eboard.jp/content/260/
小数÷整数,https://media.eboard.jp/media/content_images/emath_shoshuwaruseisu_20180817.png,https://www.eboard.jp/content/263/
仮分数と帯分数,https://media.eboard.jp/media/content_images/emath_kbunsutotaibunsu_20180817.png,https://www.eboard.jp/content/261/
変わり方調べ,https://media.eboard.jp/media/content_images/emath_kawarikata_20210301.png,https://www.eboard.jp/content/542/
直方体と立方体,https://media.eboard.jp/media/content_images/jmath_kukanzukei_20180726.png,https://www.eboard.jp/content/262/
整数と小数,https://media.eboard.jp/media/content_images/emath_sesutoshosu_20210331.png,https://www.eboard.jp/content/554/
体積,https://media.eboard.jp/media/content_images/emath_taiseki_20180818.png,https://www.eboard.jp/content/264/
比例,https://media.eboard.jp/media/content_images/emath_hirei_20210401.png,https://www.eboard.jp/content/553/
小数×小数,https://media.eboard.jp/media/content_images/emath_shosukakerushosu_20180817.png,https://www.eboard.jp/content/265/
小数÷小数,https://media.eboard.jp/media/content_images/emath_shoshuwarushosu_20180817.png,https://www.eboard.jp/content/266/
合同な図形、内角,https://media.eboard.jp/media/content_images/jmath_goudou_20180726.png,https://www.eboard.jp/content/267/
倍数と約数,https://media.eboard.jp/media/content_images/jmath_jyouhoutojyohou_20180725.png,https://www.eboard.jp/content/268/
約分と通分,https://media.eboard.jp/media/content_images/emath_yakubuntotsubun_20180817.png,https://www.eboard.jp/content/269/
分数と小数,https://media.eboard.jp/media/content_images/emath_bunsukakerushoshu_20180817.png,https://www.eboard.jp/content/271/
三角形・四角形の面積,https://media.eboard.jp/media/content_images/emath_sankakukeimenseki_20180817.png,https://www.eboard.jp/content/270/
平均、単位量あたりの大きさ,https://media.eboard.jp/media/content_images/emath_heikin_20180817.png,https://www.eboard.jp/content/272/
速さ,https://media.eboard.jp/media/content_images/emath_hayasa_20180817.png,https://www.eboard.jp/content/286/
割合,https://media.eboard.jp/media/content_images/emath_wariai_20180817.png,https://www.eboard.jp/content/273/
百分率と歩合,https://media.eboard.jp/media/content_images/emath_percent_20180817.png,https://www.eboard.jp/content/274/
帯グラフと円グラフ,https://media.eboard.jp/media/content_images/emath_piechart_20180817.png,https://www.eboard.jp/content/275/
円と多角形,https://media.eboard.jp/media/content_images/emath_entotakakkei_20210401.png,https://www.eboard.jp/content/276/
角柱と円柱,https://media.eboard.jp/media/content_images/emath_enchu_20210401.png,https://www.eboard.jp/content/555/
対称な図形,https://media.eboard.jp/media/content_images/emath_taishounazukei_20180817.png,https://www.eboard.jp/content/281/
文字と式,https://media.eboard.jp/media/content_images/jmath_mojishikitokimari_20180726.png,https://www.eboard.jp/content/283/
分数のかけ算,https://media.eboard.jp/media/content_images/emath_bunsukakerubunsu_20180817.png,https://www.eboard.jp/content/282/
分数のわり算,https://media.eboard.jp/media/content_images/emath_bunsuwarizan_20210401.png,https://www.eboard.jp/content/556/
比,https://media.eboard.jp/media/content_images/emath_hi_20180818.png,https://www.eboard.jp/content/284/
拡大と縮小,https://media.eboard.jp/media/content_images/jmath_soujina_20180726.png,https://www.eboard.jp/content/285/
円の面積、立体の体積,https://media.eboard.jp/media/content_images/emath_ennomenseki_20180817.png,https://www.eboard.jp/content/288/
比例と反比例,https://media.eboard.jp/media/content_images/emath_hireitohanpirei_20180817.png,https://www.eboard.jp/content/287/
場合の数,https://media.eboard.jp/media/content_images/jmath_kakuritu_20180726.png,https://www.eboard.jp/content/289/
データの調べ方,https://media.eboard.jp/media/content_images/jmath_histogram_20180726.png,https://www.eboard.jp/content/290/
