lesson_name,image,url
植物の発芽と成長,https://media.eboard.jp/media/content_images/01_elscience_hatsuga_201203.png,https://www.eboard.jp/content/496/
魚のたんじょう,https://media.eboard.jp/media/content_images/02_elscience_sakana_201203.png,https://www.eboard.jp/content/498/
人のたんじょう,https://media.eboard.jp/media/content_images/03_elscience_hito_201203.png,https://www.eboard.jp/content/497/
植物の実や種子のでき方,https://media.eboard.jp/media/content_images/04_elscience_kajitsu_201203.png,https://www.eboard.jp/content/499/
雲と天気,https://media.eboard.jp/media/content_images/05_elscience_kumo_201126.png,https://www.eboard.jp/content/500/
台風,https://media.eboard.jp/media/content_images/06_elscience_taifuu_201202.png,https://www.eboard.jp/content/520/
流れる水のはたらき,https://media.eboard.jp/media/content_images/07_elscience_nagareru_201203.png,https://www.eboard.jp/content/503/
もののとけ方,https://media.eboard.jp/media/content_images/08_elscience_tokekata_201203.png,https://www.eboard.jp/content/509/
電磁石,https://media.eboard.jp/media/content_images/09_elscience_denjisyaku_201202.png,https://www.eboard.jp/content/516/
ふりこ,https://media.eboard.jp/media/content_images/10_elscience_furiko_201203.png,https://www.eboard.jp/content/512/
ものの燃え方,https://media.eboard.jp/media/content_images/11_elscience_moekata_201202.png,https://www.eboard.jp/content/515/
動物の体のつくりとはたらき①,https://media.eboard.jp/media/content_images/12_elscience_karada_201202.png,https://www.eboard.jp/content/501/
動物の体のつくりとはたらき②,https://media.eboard.jp/media/content_images/13_elscience_karada_201202.png,https://www.eboard.jp/content/502/
植物のつくりとはたらき,https://media.eboard.jp/media/content_images/14_elscience_syokubutsu_20201203.png,https://www.eboard.jp/content/526/
生物のくらしと環境,https://media.eboard.jp/media/content_images/15_elscience_seibutsu_201202.png,https://www.eboard.jp/content/510/
月と太陽,https://media.eboard.jp/media/content_images/16_elscience_tsuki_201126.png,https://www.eboard.jp/content/529/
大地のつくりと変化,https://media.eboard.jp/media/content_images/17_elscience_funka_201203.png,https://www.eboard.jp/content/525/
てこのはたらき,https://media.eboard.jp/media/content_images/18_elscience_teko_201203.png,https://www.eboard.jp/content/522/
水よう液,https://media.eboard.jp/media/content_images/19_elscience_suiyoeki_201203.png,https://www.eboard.jp/content/519/
電気の利用,https://media.eboard.jp/media/content_images/20_elscience_denki_201202.png,https://www.eboard.jp/content/528/
