lesson_name,image,url
植物の観察と分類,https://media.eboard.jp/media/content_images/jscience_hana_20180818.png,https://www.eboard.jp/content/247/
植物のなかま分け,https://media.eboard.jp/media/content_images/jscience_shobutsusort_20180818.png,https://www.eboard.jp/content/250/
動物のなかま分け,https://media.eboard.jp/media/content_images/jscience_shinka_20180818.png,https://www.eboard.jp/content/308/
火山,https://media.eboard.jp/media/content_images/jscience_kazan_20180818.png,https://www.eboard.jp/content/278/
地震,https://media.eboard.jp/media/content_images/jscience_jishin_20180818.png,https://www.eboard.jp/content/279/
地層,https://media.eboard.jp/media/content_images/jscience_chiso_20180818.png,https://www.eboard.jp/content/280/
いろいろな物質,https://media.eboard.jp/media/content_images/jscience_busshitsu_20180818.png,https://www.eboard.jp/content/139/
気体の発生と性質,https://media.eboard.jp/media/content_images/jscience_kitai_20180818.png,https://www.eboard.jp/content/143/
状態変化,https://media.eboard.jp/media/content_images/jscience_jyotaihenka_20180818.png,https://www.eboard.jp/content/142/
水溶液の性質,https://media.eboard.jp/media/content_images/jscience_suiyoeki_20180818.png,https://www.eboard.jp/content/147/
光,https://media.eboard.jp/media/content_images/jscience_hikari_20180824.png,https://www.eboard.jp/content/352/
音,https://media.eboard.jp/media/content_images/jscience_oto_20180824.png,https://www.eboard.jp/content/353/
力,https://media.eboard.jp/media/content_images/jscience_chikara_20180824.png,https://www.eboard.jp/content/354/
細胞,https://media.eboard.jp/media/content_images/jscience_saibo_20180818.png,https://www.eboard.jp/content/292/
光合成と呼吸,https://media.eboard.jp/media/content_images/jscience_kogosei_20180818.png,https://www.eboard.jp/content/249/
植物のつくりとはたらき,https://media.eboard.jp/media/content_images/jscience_shokubutsu_20180818.png,https://www.eboard.jp/content/248/
呼吸と血液,https://media.eboard.jp/media/content_images/jscience_kokyu_20180818.png,https://www.eboard.jp/content/293/
消化・吸収・排出,https://media.eboard.jp/media/content_images/jscience_shoka_20180818.png,https://www.eboard.jp/content/302/
骨格・筋肉・神経,https://media.eboard.jp/media/content_images/jscience_bonemuscle_20180818.png,https://www.eboard.jp/content/303/
圧力と気圧,https://media.eboard.jp/media/content_images/jscience_atsuryoku_20180824.png,https://www.eboard.jp/content/560/
気象観測,https://media.eboard.jp/media/content_images/jscience_kishokansoku_20180824.png,https://www.eboard.jp/content/309/
雲のでき方,https://media.eboard.jp/media/content_images/jscience_kumo_20180823.png,https://www.eboard.jp/content/319/
気圧と前線,https://media.eboard.jp/media/content_images/jscience_zensen_20180824.png,https://www.eboard.jp/content/310/
日本の気象,https://media.eboard.jp/media/content_images/jscience_nihonkisho_20180824.png,https://www.eboard.jp/content/318/
物質の成り立ち（熱分解・電気分解）,https://media.eboard.jp/media/content_images/jscience_bussitsu_20180824.png,https://www.eboard.jp/content/336/
原子と分子,https://media.eboard.jp/media/content_images/jscience_genshitobunshi_20180824.png,https://www.eboard.jp/content/337/
化学反応式,https://media.eboard.jp/media/content_images/jscience_kagakuhanoshiki_20180824.png,https://www.eboard.jp/content/338/
質量保存の法則・化学変化と熱の出入り,https://media.eboard.jp/media/content_images/jscience_kagakuhenkatonetsu_20180824.png,https://www.eboard.jp/content/344/
電流・回路,https://media.eboard.jp/media/content_images/jscience_denryu_20180824.png,https://www.eboard.jp/content/369/
オームの法則,https://media.eboard.jp/media/content_images/jscience_omu_20180824.png,https://www.eboard.jp/content/370/
電力,https://media.eboard.jp/media/content_images/jscience_denryoku_20180824.png,https://www.eboard.jp/content/371/
静電気と電子,https://media.eboard.jp/media/content_images/jscience_seidenkitodenshi_20810824.png,https://www.eboard.jp/content/372/
磁界,https://media.eboard.jp/media/content_images/jscience_jikai_20180824.png,https://www.eboard.jp/content/417/
生殖,https://media.eboard.jp/media/content_images/jscience_seishoku_20180824.png,https://www.eboard.jp/content/321/
遺伝,https://media.eboard.jp/media/content_images/jscience_iden_20180824.png,https://www.eboard.jp/content/322/
進化,https://media.eboard.jp/media/content_images/shinka.png,https://www.eboard.jp/content/552/
天体の１日の動き,https://media.eboard.jp/media/content_images/jscience_nisshuundo_20180824.png,https://www.eboard.jp/content/327/
天体の１年の動き,https://media.eboard.jp/media/content_images/jscience_nenshuundo_20180824.png,https://www.eboard.jp/content/328/
太陽系と銀河系,https://media.eboard.jp/media/content_images/jscience_ginga_20180824.png,https://www.eboard.jp/content/329/
電気分解,https://media.eboard.jp/media/content_images/jscience_denkibunkai_20180824.png,https://www.eboard.jp/content/373/
原子の構造とイオン,https://media.eboard.jp/media/content_images/jscience_ion_20180824.png,https://www.eboard.jp/content/374/
電池,https://media.eboard.jp/media/content_images/jscience_denchi_20180824.png,https://www.eboard.jp/content/418/
酸・アルカリ,https://media.eboard.jp/media/content_images/jscience_sanarukalir_20810824.png,https://www.eboard.jp/content/419/
中和,https://media.eboard.jp/media/content_images/jscience_chuwa_20180824.png,https://www.eboard.jp/content/420/
力のはたらき,https://media.eboard.jp/media/content_images/jsciecen_chikaranohataraki_20180824.png,https://www.eboard.jp/content/421/
速さと運動,https://media.eboard.jp/media/content_images/jscience_buttainoundo_20180824.png,https://www.eboard.jp/content/422/
運動と力,https://media.eboard.jp/media/content_images/jscience_undotochikara_20180824.png,https://www.eboard.jp/content/423/
仕事,https://media.eboard.jp/media/content_images/jscience_shigoto_20180824.png,https://www.eboard.jp/content/424/
エネルギー,https://media.eboard.jp/media/content_images/jscience_energy_20180824.png,https://www.eboard.jp/content/425/
生命のつながり,https://media.eboard.jp/media/content_images/jscience_shokumotsurensa_20180824.png,https://www.eboard.jp/content/323/
人間と環境,https://media.eboard.jp/media/content_images/hitotokankyo.png,https://www.eboard.jp/content/551/
