lesson_name,image,url
世界のすがた,https://media.eboard.jp/media/content_images/jsocial_sekainosutaga_20180825.png,https://www.eboard.jp/content/63/
日本の位置と領域,https://media.eboard.jp/media/content_images/jsocial_japan_20180825.png,https://www.eboard.jp/content/71/
世界の気候と人々の生活,https://media.eboard.jp/media/content_images/jsocial_nihonnochikeitokiko_20191018.png,https://www.eboard.jp/content/463/
アジア州,https://media.eboard.jp/media/content_images/jsocial_asia_20191018.png,https://www.eboard.jp/content/464/
オセアニア州,https://media.eboard.jp/media/content_images/jsocial_oceania_20191018.png,https://www.eboard.jp/content/465/
ヨーロッパ州,https://media.eboard.jp/media/content_images/jsocial_europe_20180825.png,https://www.eboard.jp/content/466/
北アメリカ州,https://media.eboard.jp/media/content_images/jsocial_america_20180825.png,https://www.eboard.jp/content/69/
南アメリカ州,https://media.eboard.jp/media/content_images/jsocial_america_20180825.png,https://www.eboard.jp/content/467/
アフリカ州,https://media.eboard.jp/media/content_images/jsocial_africa_20180825.png,https://www.eboard.jp/content/468/
身近な地域の調査,https://media.eboard.jp/media/content_images/jsocial_midikanachiki_20180825.png,https://www.eboard.jp/content/73/
日本の地形と気候,https://media.eboard.jp/media/content_images/jsocial_nihonnochikeitokiko_20191018.png,https://www.eboard.jp/content/470/
日本の人口と産業,https://media.eboard.jp/media/content_images/jsocial_energytosangyo_20180825.png,https://www.eboard.jp/content/74/
九州・沖縄地方,https://media.eboard.jp/media/content_images/jsocial_kyushuokinawa_20180825.png,https://www.eboard.jp/content/449/
中国・四国地方,https://media.eboard.jp/media/content_images/jsocial_chugokushikoku_20180825.png,https://www.eboard.jp/content/450/
近畿地方,https://media.eboard.jp/media/content_images/jsocial_kinki_20180825.png,https://www.eboard.jp/content/451/
中部地方,https://media.eboard.jp/media/content_images/jsocial_chubu_20180825.png,https://www.eboard.jp/content/452/
関東地方,https://media.eboard.jp/media/content_images/jsocial_kanto_20180825.png,https://www.eboard.jp/content/453/
東北地方,https://media.eboard.jp/media/content_images/jsocial_tohoku_20190405.png,https://www.eboard.jp/content/454/
北海道,https://media.eboard.jp/media/content_images/jsocial_hokkaido_20190405.png,https://www.eboard.jp/content/455/
文明のおこり,https://media.eboard.jp/media/content_images/jsocial_bunmei_20180825.png,https://www.eboard.jp/content/82/
弥生～古墳時代,https://media.eboard.jp/media/content_images/jsocial_yayoikofun_20180818.png,https://www.eboard.jp/content/138/
飛鳥・奈良時代,https://media.eboard.jp/media/content_images/jsocial_asukanara_20180825.png,https://www.eboard.jp/content/83/
平安時代,https://media.eboard.jp/media/content_images/jsocial_heianjidai_20180927.png,https://www.eboard.jp/content/84/
古代日本の文化,https://media.eboard.jp/media/content_images/jsocial_kodaiinhonbunka_20180825.png,https://www.eboard.jp/content/85/
鎌倉時代,https://media.eboard.jp/media/content_images/jsocial_kamakura_20180825.png,https://www.eboard.jp/content/86/
室町時代と中世文化,https://media.eboard.jp/media/content_images/jsocial_muromachi_20180825.png,https://www.eboard.jp/content/88/
ルネサンスと大航海時代,https://media.eboard.jp/media/content_images/jsocial_renaissance_20180825.png,https://www.eboard.jp/content/87/
安土桃山時代,https://media.eboard.jp/media/content_images/jsocial_aduchimomoyama_20180825.png,https://www.eboard.jp/content/89/
江戸の政治と外交（江戸初期）,https://media.eboard.jp/media/content_images/jsocial_edonoseijitogaiko_20180825.png,https://www.eboard.jp/content/90/
江戸の産業と文化,https://media.eboard.jp/media/content_images/jsocial_edobunka_20180825.png,https://www.eboard.jp/content/91/
江戸の政治改革（江戸中期）,https://media.eboard.jp/media/content_images/jsocial_edonoseijikaikaku_20180825.png,https://www.eboard.jp/content/92/
ヨーロッパの近代革命,https://media.eboard.jp/media/content_images/jsocial_sangyokakumei_20180825.png,https://www.eboard.jp/content/93/
西欧のアジア進出と江戸幕府の滅亡,https://media.eboard.jp/media/content_images/jsocial_seiyonoshinshutsu_20180825.png,https://www.eboard.jp/content/94/
明治政府と文明開化,https://media.eboard.jp/media/content_images/jsocial_bunmeikaika_20180825.png,https://www.eboard.jp/content/361/
憲法と議会の制定、日清・日露戦争,https://media.eboard.jp/media/content_images/jsocial_nissinnichiro_20180825.png,https://www.eboard.jp/content/362/
近代の産業と文化,https://media.eboard.jp/media/content_images/jsocial_kindaisangyo_20180825.png,https://www.eboard.jp/content/363/
第一次世界大戦と国際社会,https://media.eboard.jp/media/content_images/jsocial_ww1_20180825.png,https://www.eboard.jp/content/364/
大正デモクラシーと社会運動,https://media.eboard.jp/media/content_images/jsocial_democracy_20180825.png,https://www.eboard.jp/content/365/
全体主義から第二次世界大戦へ,https://media.eboard.jp/media/content_images/jsocial_ww2_20180825.png,https://www.eboard.jp/content/366/
戦後日本と冷戦,https://media.eboard.jp/media/content_images/jsocial_kokuren_20180825.png,https://www.eboard.jp/content/367/
冷戦の終結と現代社会,https://media.eboard.jp/media/content_images/jsocial_gendaishakai_20180825.png,https://www.eboard.jp/content/368/
現代社会と家族,https://media.eboard.jp/media/content_images/jsocial_gendaishakaitokazoku_20180825.png,https://www.eboard.jp/content/400/
日本国憲法,https://media.eboard.jp/media/content_images/jsocial_nihonkokukenpo_20180825.png,https://www.eboard.jp/content/401/
基本的人権,https://media.eboard.jp/media/content_images/jsocial_kihontekijinken_20180825.png,https://www.eboard.jp/content/402/
国民主権と国会,https://media.eboard.jp/media/content_images/jsocial_kokuminshuken_20180825.png,https://www.eboard.jp/content/403/
行政と内閣,https://media.eboard.jp/media/content_images/jsocial_gyosei_20180825.png,https://www.eboard.jp/content/404/
司法と裁判所,https://media.eboard.jp/media/content_images/jsocial_shiho_20180825.png,https://www.eboard.jp/content/405/
地方自治,https://media.eboard.jp/media/content_images/jsocial_chihojichi_20180825.png,https://www.eboard.jp/content/406/
消費と生活,https://media.eboard.jp/media/content_images/jsocial_shohi_20180825.png,https://www.eboard.jp/content/411/
企業と生産,https://media.eboard.jp/media/content_images/jsocial_kigyo_20180825.png,https://www.eboard.jp/content/412/
仕事とはたらく環境,https://media.eboard.jp/media/content_images/jsocial_shigoto_20180825.png,https://www.eboard.jp/content/413/
経済と金融,https://media.eboard.jp/media/content_images/jsocial_keizai_20180825.png,https://www.eboard.jp/content/414/
財政と景気,https://media.eboard.jp/media/content_images/jsocial_zaisei_20180825.png,https://www.eboard.jp/content/415/
国民生活と福祉,https://media.eboard.jp/media/content_images/jsocial_fukushi_20180825.png,https://www.eboard.jp/content/426/
国家と国際社会,https://media.eboard.jp/media/content_images/jsocial_kokuren_20180825.png,https://www.eboard.jp/content/416/
