lesson_name,image,url
正負の数,https://media.eboard.jp/media/content_images/jmath_seifunosu_20180725.png,https://www.eboard.jp/content/1/
加法と減法,https://media.eboard.jp/media/content_images/jmath_kahoutogenpou_20180725.png,https://www.eboard.jp/content/2/
乗法と除法,https://media.eboard.jp/media/content_images/jmath_jyouhoutojyohou_20180725.png,https://www.eboard.jp/content/3/
数の集合と素数の積,https://media.eboard.jp/media/content_images/kazunoshugo_to_sosunoseki.png,https://www.eboard.jp/content/476/
文字式ときまり,https://media.eboard.jp/media/content_images/jmath_mojishikitokimari_20180726.png,https://www.eboard.jp/content/4/
文字式の計算（１年）,https://media.eboard.jp/media/content_images/jmath_mojishikinokeisan.png,https://www.eboard.jp/content/5/
方程式,https://media.eboard.jp/media/content_images/jmath_houteishiki_20180726.png,https://www.eboard.jp/content/6/
方程式の利用,https://media.eboard.jp/media/content_images/jmath_houteishiki_20180726.png,https://www.eboard.jp/content/7/
比例,https://media.eboard.jp/media/content_images/jmath_hirei_20180726.png,https://www.eboard.jp/content/8/
比例とグラフ,https://media.eboard.jp/media/content_images/jmath_hireitograph_20180726.png,https://www.eboard.jp/content/9/
反比例,https://media.eboard.jp/media/content_images/jmath_hanpirei_20180726.png,https://www.eboard.jp/content/10/
平面図形,https://media.eboard.jp/media/content_images/jmath_heimenzukei_20180726.png,https://www.eboard.jp/content/11/
空間図形,https://media.eboard.jp/media/content_images/jmath_kukanzukei_20180726.png,https://www.eboard.jp/content/12/
立体の体積と表面積,https://media.eboard.jp/media/content_images/jmath_taisekitohyomenseki_20180726.png,https://www.eboard.jp/content/13/
資料の活用,https://media.eboard.jp/media/content_images/jmath_histogram_20180726.png,https://www.eboard.jp/content/19/
文字式の計算（２年）,https://media.eboard.jp/media/content_images/jmath_mojishikinokeisan2_20180726.png,https://www.eboard.jp/content/317/
文字式の利用,https://media.eboard.jp/media/content_images/mojiriyo.png,https://www.eboard.jp/content/557/
連立方程式,https://media.eboard.jp/media/content_images/jmath_renritsuhouteishiki_20180726.png,https://www.eboard.jp/content/15/
連立方程式の利用,https://media.eboard.jp/media/content_images/jmath_renritsuhouteishiki_20180726.png,https://www.eboard.jp/content/16/
一次関数,https://media.eboard.jp/media/content_images/jmath_1jikansu_20180726.png,https://www.eboard.jp/content/17/
一次関数の利用,https://media.eboard.jp/media/content_images/jmath_1jikansunoriyou_20180726.png,https://www.eboard.jp/content/18/
平行線と角,https://media.eboard.jp/media/content_images/jmath_heikousentokaku_20180726.png,https://www.eboard.jp/content/21/
合同と証明,https://media.eboard.jp/media/content_images/jmath_goudou_20180726.png,https://www.eboard.jp/content/22/
三角形,https://media.eboard.jp/media/content_images/jmath_sankakukei_20180726.png,https://www.eboard.jp/content/23/
四角形,https://media.eboard.jp/media/content_images/jmath_shikakukei_20180726.png,https://www.eboard.jp/content/24/
確率,https://media.eboard.jp/media/content_images/jmath_kakuritu_20180726.png,https://www.eboard.jp/content/20/
四分位範囲,https://media.eboard.jp/media/content_images/jmath_shibunihani_20200402.png,https://www.eboard.jp/content/477/
式と乗法公式,https://media.eboard.jp/media/content_images/jmath_jyohokoushiki_20180726.png,https://www.eboard.jp/content/25/
因数分解,https://media.eboard.jp/media/content_images/jmath_jyohokoushiki_20180726.png,https://www.eboard.jp/content/27/
式の計算の利用,https://media.eboard.jp/media/content_images/shikikeisanriyo_20210408.png,https://www.eboard.jp/content/558/
平方根,https://media.eboard.jp/media/content_images/jmath_heihoukon_20180726.png,https://www.eboard.jp/content/29/
√をふくむ計算,https://media.eboard.jp/media/content_images/jmath_routekeisan_20180726.png,https://www.eboard.jp/content/30/
二次方程式,https://media.eboard.jp/media/content_images/jmath_2jihouteishiki_20180726.png,https://www.eboard.jp/content/31/
二次方程式の利用,https://media.eboard.jp/media/content_images/jmath_2jihouteishiki_20180726.png,https://www.eboard.jp/content/32/
関数 y=ax²,https://media.eboard.jp/media/content_images/jmath_2jikansu_20180726.png,https://www.eboard.jp/content/33/
相似な図形,https://media.eboard.jp/media/content_images/jmath_soujina_20180726.png,https://www.eboard.jp/content/35/
平行線と線分の比,https://media.eboard.jp/media/content_images/jmath_heikousentosenbun_20180726.png,https://www.eboard.jp/content/313/
円周角の定理,https://media.eboard.jp/media/content_images/jmath_enshukaku_20180726.png,https://www.eboard.jp/content/37/
三平方の定理,https://media.eboard.jp/media/content_images/jmath_sanheihou_20180726.png,https://www.eboard.jp/content/38/
標本調査,https://media.eboard.jp/media/content_images/hyohon.png,https://www.eboard.jp/content/559/
